Geometry;objectid;poi;name_nl;name_en;name_fr;name_de;name_es;description_nl;description_en;description_fr;description_de;description_es;url;modified;catname_nl;catname_en;catname_fr;catname_de;catname_es;ctcname;address;postal;local;created;icon;type;symbol;iconshort;identifier;geo_point_2d
"{""coordinates"": [3.727828025827382, 51.055580139403915], ""type"": ""Point""}";14;http://stad.gent/id/place/tourism/8e8c566a-242a-40f3-a2cb-9206db121fc1;Kingstreet;Kingstreet;Kingstreet;Kingstreet;Kingstreet;Word koning van de dansvloer;Be the king of the dance floor;Devenez le roi de la piste;Werden Sie König der Tanzfläche;Conviértase en el rey de la pista;https://visit.gent.be/nl/eten-drinken/kingstreet;;Café;Cafés;Bar;Café;Bar;Kingstreet (Mira);Kammerstraat 49;9000;Gent;2018-05-08T08:05:48Z;https://visit.gent.be/themes/custom/vg_theme/icon/red/cafe.svg;eat_drink;cafe;visit.gent.be/themes/custom/vg_theme/icon/red/cafe.svg;2881;51.0555801394,3.72782802583
"{""coordinates"": [3.723994017093083, 51.05299758911815], ""type"": ""Point""}";63;http://stad.gent/id/place/tourism/6a7ef3a7-b517-478b-80f4-d99531ffa8f5;Limonada;Limonada;Limonada;Limonada;Limonada;Cocktail O’Clock;Cocktail O’clock;Cocktail O'Clock;Cocktail O'Clock;Hora del cóctel;https://visit.gent.be/nl/eten-drinken/limonada;;Café;Cafés;Bar;Café;Bar;Limonada;Heilige Geeststraat 7;9000;Gent;2013-01-25T13:15:21Z;https://visit.gent.be/themes/custom/vg_theme/icon/red/cafe.svg;eat_drink;cafe;visit.gent.be/themes/custom/vg_theme/icon/red/cafe.svg;1586;51.0529975891,3.72399401709
"{""coordinates"": [3.722929000543393, 51.053565978854444], ""type"": ""Point""}";78;http://stad.gent/id/place/tourism/2cca05bd-f5eb-4678-baf5-cec4985aca8d;Manteca;Manteca;Manteca;Manteca;Manteca;Fijn sfeercafé waar jazz de toon aanvoert;Lovely jazz café;Agréable café d’ambiance et club de jazz;Feines Lokal, in dem Jazz den Ton angibt;Café con mucho ambiente donde predomina el jazz;https://visit.gent.be/nl/eten-drinken/manteca;;Café;Cafés;Bar;Café;Bar;Manteca;Cataloniëstraat 2;9000;Gent;2013-03-25T13:02:15Z;https://visit.gent.be/themes/custom/vg_theme/icon/red/cafe.svg;eat_drink;cafe;visit.gent.be/themes/custom/vg_theme/icon/red/cafe.svg;1689;51.0535659789,3.72292900054
"{""coordinates"": [3.726947069587841, 51.059028625511566], ""type"": ""Point""}";93;http://stad.gent/id/place/tourism/a5843e07-790a-4788-aca2-d46b76c92505;Minor Swing;Minor Swing;Minor Swing;Minor Swing;Minor Swing;Klein maar levendig jazzoord;Small but lively jazz gem;Petit, mais sympathique café brun de jazz;Kleines und beliebtes Jazzlokal;Pequeño bar de jazz pero muy animado;https://visit.gent.be/nl/eten-drinken/minor-swing;;Café;Cafés;Bar;Café;Bar;Minor Swing;Ottogracht 56;9000;Gent;2013-01-24T14:20:19Z;https://visit.gent.be/themes/custom/vg_theme/icon/red/cafe.svg;eat_drink;cafe;visit.gent.be/themes/custom/vg_theme/icon/red/cafe.svg;1581;51.0590286255,3.72694706959
"{""coordinates"": [3.722630977261336, 51.05477523816355], ""type"": ""Point""}";97;http://stad.gent/id/place/tourism/c15ea36f-234f-4945-b9d6-1689e39c5bb6;Mokabon;Mokabon;Mokabon;Mokabon;Mokabon;De eerste koffiebar van Gent!;Ghent's first coffee bar!;Le premier bar à café de Gand !;Die erste Kaffeebar in Gent!;¡Primer café de Gante!;https://visit.gent.be/nl/eten-drinken/mokabon;;Café;Cafés;Bar;Café;Bar;Mokabon;Donkersteeg 35;9000;Gent;2012-12-19T09:04:09Z;https://visit.gent.be/themes/custom/vg_theme/icon/red/coffee.svg;eat_drink;coffee;visit.gent.be/themes/custom/vg_theme/icon/red/coffee.svg;1569;51.0547752382,3.72263097726
"{""coordinates"": [3.722014903656365, 51.04731369038855], ""type"": ""Point""}";123;http://stad.gent/id/place/tourism/584fb361-5ab5-48e3-a800-9477f0ea276a;ONA;ONA;ONA;ONA;ONA;Genieten van Europese wijnen;Enjoy European wines;Des vins européens à déguster;Europäische Weine genießen;Disfrutar de vinos europeos;https://visit.gent.be/nl/eten-drinken/ona;;Café;Cafés;Bar;Café;Bar;Ona;Nederkouter 71;9000;Gent;2018-07-30T04:50:43Z;https://visit.gent.be/themes/custom/vg_theme/icon/red/cafe.svg;eat_drink;cafe;visit.gent.be/themes/custom/vg_theme/icon/red/cafe.svg;3005;51.0473136904,3.72201490366
"{""coordinates"": [3.727039098395419, 51.0419311524617], ""type"": ""Point""}";170;http://stad.gent/id/place/tourism/b9c59242-0f22-41a7-8c80-99caa295f04c;Pietersbar;Pietersbar;Pietersbar;Pietersbar;Pietersbar;Op adem komen na een museumbezoek;Take a break after a museum visit;Un peu de répit après la tournée des musées;Nach einem Museumsbesuch eine Verschnaufpause einlegen;Descansar después de una visita al museo;https://visit.gent.be/nl/eten-drinken/pietersbar;;Café;Cafés;Bar;Café;Bar;Pietersbar;Sint-Pietersplein 9;9000;Gent;2017-12-01T09:30:06Z;https://visit.gent.be/themes/custom/vg_theme/icon/red/coffee.svg;eat_drink;coffee;visit.gent.be/themes/custom/vg_theme/icon/red/coffee.svg;1789;51.0419311525,3.7270390984
"{""coordinates"": [3.722603082775132, 51.0381813050553], ""type"": ""Point""}";205;http://stad.gent/id/place/tourism/f5fcedf4-58c2-4977-9f17-857491149331;S.M.A.K.-café;S.M.A.K.-café;S.M.A.K.-café;S.M.A.K.-café;S.M.A.K.-café;Begin of eindig hier je museumbezoek;Start or end your museum visit here;Commencez ou terminez votre visite du musée ici;Hier könnte Ihr Museumsbesuch anfangen oder enden;Comience o termine su visita al museo aquí;https://visit.gent.be/nl/eten-drinken/smak-cafe;;Café;Cafés;Bar;Café;Bar;S.M.A.K.-café;Jan Hoetplein 1;9000;Gent;2016-05-13T07:43:43Z;https://visit.gent.be/themes/custom/vg_theme/icon/red/cafe.svg;eat_drink;cafe;visit.gent.be/themes/custom/vg_theme/icon/red/cafe.svg;1752;51.0381813051,3.72260308278
"{""coordinates"": [3.717317104589227, 51.04372787468861], ""type"": ""Point""}";210;http://stad.gent/id/place/tourism/e2c583a5-4d92-4298-8450-16872af4630f;STAMcafé by Coeur Catering;STAMcafé by Coeur Catering;STAMcafé by Coeur Catering;STAMcafé by Coeur Catering;STAMcafé by Coeur Catering;Trendy museumcafé;Trendy museum café;Café branché du musée;Trendiges Museumscafé;Café de museo moderno;https://visit.gent.be/nl/eten-drinken/stamcafe-coeur-catering;;Café;Cafés;Bar;Café;Bar;STAMcafé;Godshuizenlaan 2;9000;Gent;2015-03-05T10:08:01Z;https://visit.gent.be/themes/custom/vg_theme/icon/red/coffee.svg;eat_drink;coffee;visit.gent.be/themes/custom/vg_theme/icon/red/coffee.svg;1736;51.0437278747,3.71731710459
"{""coordinates"": [3.728452920888483, 51.05618286108091], ""type"": ""Point""}";262;http://stad.gent/id/place/tourism/ddde3edc-6290-495c-a5c3-1f5209c8efea;Tante Paula;Tante Paula;Tante Paula;Tante Paula;Tante Paula;Ontbijt-en lunchplek in een fotowinkel;Breakfast and lunch spot in a photo shop;Petit-déjeuner et lunch dans un magasin de photo;Frühstück und Lunch in einem Fotogeschäft;Desayunar y comer en una tienda de fotografía;https://visit.gent.be/nl/eten-drinken/tante-paula;;Café;Cafés;Bar;Café;Bar;Tante Paula;Vlasmarkt 2;9000;Gent;2015-03-30T11:01:37Z;https://visit.gent.be/themes/custom/vg_theme/icon/red/coffee.svg;eat_drink;coffee;visit.gent.be/themes/custom/vg_theme/icon/red/coffee.svg;1737;51.0561828611,3.72845292089
"{""coordinates"": [3.724575996039784, 51.05894088751198], ""type"": ""Point""}";269;http://stad.gent/id/place/tourism/9f091e92-a339-48a9-9d75-eef9298bce2c;The Drifter;The Drifter;The Drifter;The Drifter;The Drifter;Cocktailbar aan het Gravensteen;Cocktail bar at the Castle of the Counts;Bar à cocktail au Château des Comtes;Cocktailbar an der Grafenburg;Coctelería cerca del Castillo de los Condes;https://visit.gent.be/nl/eten-drinken/drifter;;Café;Cafés;Bar;Café;Bar;The Drifter;Oudburg 47;9000;Gent;2017-11-20T09:12:57Z;https://visit.gent.be/themes/custom/vg_theme/icon/red/cafe.svg;eat_drink;cafe;visit.gent.be/themes/custom/vg_theme/icon/red/cafe.svg;1781;51.0589408875,3.72457599604
"{""coordinates"": [3.7267580029666, 51.056266784502064], ""type"": ""Point""}";287;http://stad.gent/id/place/tourism/b3b2e65e-6905-4d0d-a062-5dd7a90d1de5;Trefpunt;Trefpunt;Trefpunt;Trefpunt;Trefpunt;Cultureel gezellig café;Cosy cultural café;Café culturel sympa;Kulturelles gemütliches Café;Acogedor bar cultural;https://visit.gent.be/nl/eten-drinken/trefpunt;;Café;Cafés;Bar;Café;Bar;Trefpunt;Bij Sint-Jacobs 18;9000;Gent;2013-02-07T13:09:36Z;https://visit.gent.be/themes/custom/vg_theme/icon/red/cafe.svg;eat_drink;cafe;visit.gent.be/themes/custom/vg_theme/icon/red/cafe.svg;1598;51.0562667845,3.72675800297
"{""coordinates"": [3.726629972377379, 51.055259704702294], ""type"": ""Point""}";352;http://stad.gent/id/place/tourism/48363054-83b4-4ac3-9e6f-60de7627dd0e;A-Pluss;A-Pluss;A-Pluss;A-Pluss;A-Pluss;Gin en fingerfood;Gin and finger food;Gin et fingerfood;Gin und Fingerfood;Ginebra y tapas;https://visit.gent.be/nl/eten-drinken/pluss;;Café;Cafés;Bar;Café;Bar;A-Pluss;Belfortstraat 39;9000;Gent;2020-12-17T08:15:53Z;https://visit.gent.be/themes/custom/vg_theme/icon/red/cafe.svg;eat_drink;cafe;visit.gent.be/themes/custom/vg_theme/icon/red/cafe.svg;4546;51.0552597047,3.72662997238
"{""coordinates"": [3.720933914162584, 51.05915069598621], ""type"": ""Point""}";442;http://stad.gent/id/place/tourism/2d7bb983-ec32-4d1f-8515-58392b18bba2;Bar-bier;Bar-bier;Bar-bier;Bar-bier;Bar-bier;Kapsalon en café, 2-in-1!;Hairdresser's and café - 2 in 1!;Salon de coiffure et café, 2 en 1 !;Friseursalon und Lokal: 2 in 1!;Peluquería y bar - ¡2 en 1!;https://visit.gent.be/nl/eten-drinken/bar-bier;;Café;Cafés;Bar;Café;Bar;Bar-bier;Sint-Margrietstraat 18;9000;Gent;2015-01-06T12:00:59Z;https://visit.gent.be/themes/custom/vg_theme/icon/red/cafe.svg;eat_drink;cafe;visit.gent.be/themes/custom/vg_theme/icon/red/cafe.svg;1727;51.059150696,3.72093391416
"{""coordinates"": [3.723160028369819, 51.056816100815546], ""type"": ""Point""}";447;http://stad.gent/id/place/tourism/f8b006f5-e826-4b69-9d6e-8ae468479e0c;Barrazza;barrazza;barrazza;barrazza;Barrazza;Kroeg met zicht op de Leie;Bar with a view of the river Lys;Bistrot avec vue sur la Lys;Kneipe mit Blick auf die Leie;Bar con vistas al río Lys;https://visit.gent.be/nl/eten-drinken/barrazza;;Café;Cafés;Bar;Café;Bar;barrazza;Hoefslagstraatje 6;9000;Gent;2019-02-12T14:56:57Z;https://visit.gent.be/themes/custom/vg_theme/icon/red/cafe.svg;eat_drink;cafe;visit.gent.be/themes/custom/vg_theme/icon/red/cafe.svg;3275;51.0568161008,3.72316002837
"{""coordinates"": [3.716907024560336, 51.049964904517395], ""type"": ""Point""}";505;http://stad.gent/id/place/tourism/101414ef-8a7d-427e-a27d-50424269cdc7;Café de Loge;Café de Loge;Café de Loge;Café de Loge;Café de Loge;Indrukwekkende bierkaart en concerten;Impressive beer menu and concerts;Impressionnante carte de bières et concerts;Beeindruckende Bierkarte und Konzerte;Una impresionante carta de cervezas y conciertos;https://visit.gent.be/nl/eten-drinken/cafe-de-loge;;Café;Cafés;Bar;Café;Bar;Café de Loge;Annonciadenstraat 5;9000;Gent;2018-10-11T05:19:38Z;https://visit.gent.be/themes/custom/vg_theme/icon/red/cafe.svg;eat_drink;cafe;visit.gent.be/themes/custom/vg_theme/icon/red/cafe.svg;3104;51.0499649045,3.71690702456
"{""coordinates"": [3.725241899193618, 51.056560516125224], ""type"": ""Point""}";541;http://stad.gent/id/place/tourism/f992fd86-5cec-4d62-9a5c-46cf98065612;De Dulle Griet;De Dulle Griet;De Dulle Griet;De Dulle Griet;De Dulle Griet;Kies uit 500 soorten bier;Choose from 500 different beers;Faites votre choix parmi 500 sortes de bières;Auswahl aus 500 Biersorten;Elija entre 500 tipos de cerveza;https://visit.gent.be/nl/eten-drinken/de-dulle-griet;;Café;Cafés;Bar;Café;Bar;De Dulle Griet - café;Vrijdagmarkt 50;9000;Gent;2012-12-19T13:52:14Z;https://visit.gent.be/themes/custom/vg_theme/icon/red/cafe.svg;eat_drink;cafe;visit.gent.be/themes/custom/vg_theme/icon/red/cafe.svg;1573;51.0565605161,3.72524189919
"{""coordinates"": [3.728472232870451, 51.04143142674024], ""type"": ""Point""}";546;http://stad.gent/id/place/tourism/0bde35fd-6bb8-4180-88d0-14b34f30e136;De Geus van Gent;De Geus van Gent;De Geus van Gent;De Geus van Gent;De Geus van Gent;Gezellig praatcafé aan het water;Cosy café for a drink and a chat along the water;Bistrot sympa au bord de l’eau;Gemütliches Lokal am Wasser;Acogedor bar a orillas del agua;https://visit.gent.be/nl/eten-drinken/de-geus-van-gent;;Café;Cafés;Bar;Café;Bar;De Geus van Gent;Kantienberg 9;9000;Gent;2013-03-22T13:09:02Z;https://visit.gent.be/themes/custom/vg_theme/icon/red/cafe.svg;eat_drink;cafe;visit.gent.be/themes/custom/vg_theme/icon/red/cafe.svg;1684;51.0414314267,3.72847223287
"{""coordinates"": [3.72397422810569, 51.057846069336144], ""type"": ""Point""}";562;http://stad.gent/id/place/tourism/759ef2b0-b657-4bb0-b39c-38c56100c940;De Zoo;De Zoo;De Zoo;De Zoo;De Zoo;Beestig goed;Amazingly good;Vachement bien;Erstaunlich gut;Disfrutar de un cóctel en el histórico Oudburg;https://visit.gent.be/nl/eten-drinken/de-zoo;;Café;Cafés;Bar;Café;Bar;Zoo;Oudburg 2;9000;Gent;2013-01-25T13:39:15Z;https://visit.gent.be/themes/custom/vg_theme/icon/red/cafe.svg;eat_drink;cafe;visit.gent.be/themes/custom/vg_theme/icon/red/cafe.svg;1589;51.0578460693,3.72397422811
"{""coordinates"": [3.727157116362491, 51.03981399520586], ""type"": ""Point""}";569;http://stad.gent/id/place/tourism/c8a747f1-c339-450d-be6f-e393749801af;Den Drummer;Den Drummer;Den Drummer;Den Drummer;Den Drummer;Fans van stevige gitaarmuziek komen hier graag;The place to be for real guitar lovers;Les fans de guitare aiment venir ici;Fans solider Gitarrenmusik finden sich hier ein;Perfecto para los amantes de la música de guitarra;https://visit.gent.be/nl/eten-drinken/den-drummer;;Café;Cafés;Bar;Café;Bar;Den Drummer;Stalhof 39;9000;Gent;2013-02-07T09:28:58Z;https://visit.gent.be/themes/custom/vg_theme/icon/red/cafe.svg;eat_drink;cafe;visit.gent.be/themes/custom/vg_theme/icon/red/cafe.svg;1596;51.0398139952,3.72715711636
"{""coordinates"": [3.717232942328597, 51.04067993190902], ""type"": ""Point""}";657;http://stad.gent/id/place/tourism/c54168bb-d044-488c-b25d-c09f1bb25369;Grapes of Glory;Grapes of Glory;Grapes of Glory;Grapes of Glory;Grapes of Glory;Traditionele en minder bekende wijnen;Traditional and lesser-known wines;Vins traditionnels et moins connus;Traditionelle und weniger bekannte Weine;Vinos tradicionales y menos conocidos;https://visit.gent.be/nl/eten-drinken/grapes-glory;;Café;Cafés;Bar;Café;Bar;Grapes of Glory;Kortrijksesteenweg 104;9000;Gent;2019-06-18T06:09:52Z;https://visit.gent.be/themes/custom/vg_theme/icon/red/cafe.svg;eat_drink;cafe;visit.gent.be/themes/custom/vg_theme/icon/red/cafe.svg;3477;51.0406799319,3.71723294233
"{""coordinates"": [3.73184394879663, 51.06578445462563], ""type"": ""Point""}";667;http://stad.gent/id/place/tourism/ac3daad4-e734-42db-992d-dbbd124d5c42;Hal 16;Hal 16;Hal 16;Hal 16;Hal 16;Hotspot voor foodies en bierliefhebbers in Gent;Hotspot for foodies and beer lovers in Ghent;Hotspot pour les foodies et les amateurs de bières à Gand;Hotspot für Feinschmecker und Bierfreunde in Gent;Punto caliente para gastrónomos y amantes de la cerveza en Gante;https://visit.gent.be/nl/eten-drinken/hal-16;;Café;Cafés;Bar;Café;Bar;Dok Brewing Company;Dok Noord 4b;9000;Gent;2018-07-30T05:12:40Z;https://visit.gent.be/themes/custom/vg_theme/icon/red/restaurant.svg;eat_drink;restaurant;visit.gent.be/themes/custom/vg_theme/icon/red/restaurant.svg;3006;51.0657844546,3.7318439488
"{""coordinates"": [3.721262216957872, 51.05554962172058], ""type"": ""Point""}";679;http://stad.gent/id/place/tourism/3e80826b-8d9f-4e1a-9fc2-f49457394e70;Het Spijker;Het Spijker;Het Spijker;Het Spijker;Het Spijker;Een historisch pand, verrassend levendig;A historic building yet surprisingly lively;Un édifice historique, étonnamment vivant;Ein historisches Gebäude, überraschend lebhaft;Un inmueble histórico lleno de vida;https://visit.gent.be/nl/eten-drinken/het-spijker;;Café;Cafés;Bar;Café;Bar;Het Spijker;Pensmarkt 3;9000;Gent;2013-03-25T13:09:14Z;https://visit.gent.be/themes/custom/vg_theme/icon/red/cafe.svg;eat_drink;cafe;visit.gent.be/themes/custom/vg_theme/icon/red/cafe.svg;1691;51.0555496217,3.72126221696
"{""coordinates"": [3.722614050306462, 51.05629730227736], ""type"": ""Point""}";697;http://stad.gent/id/place/tourism/02ec699f-4b3e-4713-86ae-3d903b19a3bb;Hot Club Gent;Hot Club Gent;Hot Club Gent;Hot Club Gent;Hot Club Gent;Live jazz concerten in intieme sfeer;Live jazz concerts in an intimate setting;Concerts de jazz live dans une ambiance intime;Live-Jazzkonzerte in intimer Atmosphäre;Conciertos de jazz en vivo en un ambiente íntimo;https://visit.gent.be/nl/eten-drinken/hot-club-gent;;Café;Cafés;Bar;Café;Bar;Hot Club Gent;Schuddevisstraatje - Groentenmarkt 2;9000;Gent;2013-01-24T14:00:15Z;https://visit.gent.be/themes/custom/vg_theme/icon/red/cafe.svg;eat_drink;cafe;visit.gent.be/themes/custom/vg_theme/icon/red/cafe.svg;1580;51.0562973023,3.72261405031
"{""coordinates"": [3.716965913618794, 51.049915313682035], ""type"": ""Point""}";733;http://stad.gent/id/place/tourism/40146765-ecfa-4994-afa0-3ce0f985be10;Jan van Gent;Jan van Gent;Jan van Gent;Jan van Gent;Jan van Gent;Eigenzinnig buurtcafé met populair zomerterras;Quirky local pub with a popular summer terrace;Café du coin original avec une accueillante terrasse en été;Eigenwillige Nachbarschaftskneipe mit Sommerterrasse;Una taberna de barrio con carácter y una terraza popular;https://visit.gent.be/nl/eten-drinken/jan-van-gent;;Café;Cafés;Bar;Café;Bar;Jan van Gent;Annonciadenstraat 1;9000;Gent;2013-01-25T10:09:09Z;https://visit.gent.be/themes/custom/vg_theme/icon/red/cafe.svg;eat_drink;cafe;visit.gent.be/themes/custom/vg_theme/icon/red/cafe.svg;1584;51.0499153137,3.71696591362
"{""coordinates"": [3.724118947596287, 51.057975769270925], ""type"": ""Point""}";736;http://stad.gent/id/place/tourism/1c345833-fde5-40ee-8714-08c434a46d55;Jigger's;Jigger's;Jigger's;Jigger's;Jigger's;Speakeasy met een knipoog;Speakeasy with a quirky touch;Bar à cocktails à l’ambiance détendue;Speakeasy Bar mit Twist;Un speakeasy un poco particular;https://visit.gent.be/nl/eten-drinken/jiggers;;Café;Cafés;Bar;Café;Bar;Jigger's;Oudburg 16;9000;Gent;2013-03-21T14:08:12Z;https://visit.gent.be/themes/custom/vg_theme/icon/red/cafe.svg;eat_drink;cafe;visit.gent.be/themes/custom/vg_theme/icon/red/cafe.svg;1673;51.0579757693,3.7241189476
"{""coordinates"": [3.728671074060274, 51.04865264869122], ""type"": ""Point""}";33;http://stad.gent/id/place/tourism/a3c015ee-3529-4520-b2bc-8f5f0742b8b3;Krookcafé;Krookcafé;Krookcafé;Krookcafé;Krookcafé;Niet zomaar een leescafé;Not just a reading café;Pas juste un café littéraire;Nicht einfach ein Lesecafé;Mucho más que una simple cafetería-librería;https://visit.gent.be/nl/eten-drinken/krookcafe;;Café;Cafés;Bar;Café;Bar;Krookcafé;Miriam Makebaplein 1;9000;Gent;2019-07-03T04:57:23Z;https://visit.gent.be/themes/custom/vg_theme/icon/red/restaurant.svg;eat_drink;restaurant;visit.gent.be/themes/custom/vg_theme/icon/red/restaurant.svg;3535;51.0486526487,3.72867107406
"{""coordinates"": [3.721138953727847, 51.05213928239122], ""type"": ""Point""}";51;http://stad.gent/id/place/tourism/52a72652-cad9-449e-b5e9-d19d175322cf;Le Botaniste;Le Botaniste;Le Botaniste;Le Botaniste;Le Botaniste;Biologische keuken & natuurwijn bar;Organic cuisine & bar serving natural wine;Cuisine écologique et bar à vin naturel;Biologische Küche & Naturweinbar;Cocina biológica & bar de vinos naturales;https://visit.gent.be/nl/eten-drinken/le-botaniste;;Café;Cafés;Bar;Café;Bar;Le Botaniste;Hoornstraat 13;9000;Gent;2016-01-27T13:00:00Z;https://visit.gent.be/themes/custom/vg_theme/icon/red/restaurant.svg;eat_drink;restaurant;visit.gent.be/themes/custom/vg_theme/icon/red/restaurant.svg;1746;51.0521392824,3.72113895373
"{""coordinates"": [3.727331400307395, 51.048767089861414], ""type"": ""Point""}";79;http://stad.gent/id/place/tourism/84568d67-c41c-4912-aad3-df9d928488b9;Marimain;Marimain;Marimain;Marimain;Marimain;Gezellig drukke kroeg met populair terras;Busy yet cosy pub with a much-loved terrace;Bistrot sympa avec terrasse très fréquenté;Gut besuchte Kneipe mit beliebter Terasse;Un bar concurrido con una bonita terraza;https://visit.gent.be/nl/eten-drinken/marimain;;Café;Cafés;Bar;Café;Bar;Marimain;Walpoortstraat 17;9000;Gent;2013-03-21T14:03:07Z;https://visit.gent.be/themes/custom/vg_theme/icon/red/cafe.svg;eat_drink;cafe;visit.gent.be/themes/custom/vg_theme/icon/red/cafe.svg;1672;51.0487670899,3.72733140031
"{""coordinates"": [3.722716092634519, 51.0543861391717], ""type"": ""Point""}";94;http://stad.gent/id/place/tourism/857dd133-7910-4996-8e69-84f7b72c12dc;Missy Sippy;Missy Sippy;Missy Sippy;Missy Sippy;Missy Sippy;New Orleans aan de Leie;New Orleans at the Lys;La Nouvelle-Orléans sur la Lys;Das New Orleans an der Leie;Nueva Orleans en el río Lys;https://visit.gent.be/nl/eten-drinken/missy-sippy;;Café;Cafés;Bar;Café;Bar;Missy Sippy;Klein Turkije 16;9000;Gent;2020-03-30T07:12:48Z;https://visit.gent.be/themes/custom/vg_theme/icon/red/cafe.svg;eat_drink;cafe;visit.gent.be/themes/custom/vg_theme/icon/red/cafe.svg;3899;51.0543861392,3.72271609263
"{""coordinates"": [3.726349115002091, 51.05902481101577], ""type"": ""Point""}";96;http://stad.gent/id/place/tourism/dd04c93e-92c6-4461-bab8-c826c2a77118;Misterioso;Misterioso;Misterioso;Misterioso;Misterioso;Gezellig praat- en jazzcafé;Cosy jazz café where you can enjoy a nice chat;Café alternatif pour bavarder et écouter du jazz;Gemütliches Jazzcafé;Acogedor bar para charlar y disfrutar del jazz;https://visit.gent.be/nl/eten-drinken/misterioso;;Café;Cafés;Bar;Café;Bar;Misterioso;Krommewal 96;9000;Gent;2013-02-15T09:56:57Z;https://visit.gent.be/themes/custom/vg_theme/icon/red/cafe.svg;eat_drink;cafe;visit.gent.be/themes/custom/vg_theme/icon/red/cafe.svg;1600;51.059024811,3.726349115
"{""coordinates"": [3.723298072479551, 51.05529785161865], ""type"": ""Point""}";102;http://stad.gent/id/place/tourism/625c80a1-e514-49ad-908d-e7f7fb0445a5;Mosquito Coast;Mosquito Coast;Mosquito Coast;Mosquito Coast;Mosquito Coast;Een wereldreis op je bord;A trip around the world… on your plate!;Le tour du monde dans votre assiette;Eine Weltreise auf Ihrem Teller;Un viaje por el mundo en su plato;https://visit.gent.be/nl/eten-drinken/mosquito-coast;;Café;Cafés;Bar;Café;Bar;Mosquito Coast;Hoogpoort 28;9000;Gent;2012-05-23T10:19:12Z;https://visit.gent.be/themes/custom/vg_theme/icon/red/restaurant.svg;eat_drink;restaurant;visit.gent.be/themes/custom/vg_theme/icon/red/restaurant.svg;1559;51.0552978516,3.72329807248
"{""coordinates"": [3.723060846277619, 51.057659149381884], ""type"": ""Point""}";108;http://stad.gent/id/place/tourism/5d500033-1752-4933-941d-88c3517d7455;Museumcafé Huis van Alijn;Museumcafé Huis van Alijn;Museumcafé Huis van Alijn;Museumcafé Huis van Alijn;Museumcafé Huis van Alijn;Authentiek volkscafeetje in Huis van Alijn;Authentic little popular pub at the House of Alijn;Café populaire authentique dans la Maison d’Alijn;Schöne kleine Volkskneipe im Haus von Alijn;Pequeño y auténtico bar popular del Huis van Alijn;https://visit.gent.be/nl/eten-drinken/museumcafe-huis-van-alijn;;Café;Cafés;Bar;Café;Bar;'t Cafeetse van 't Museetse;Kraanlei 65;9000;Gent;2013-01-22T13:47:54Z;https://visit.gent.be/themes/custom/vg_theme/icon/red/cafe.svg;eat_drink;cafe;visit.gent.be/themes/custom/vg_theme/icon/red/cafe.svg;1576;51.0576591494,3.72306084628
"{""coordinates"": [3.722347974709179, 51.05003738389987], ""type"": ""Point""}";142;http://stad.gent/id/place/tourism/6c3b70a8-c1cd-490c-a5dd-691b713af2a5;Paard van Troje;Paard van Troje;Paard van Troje;Paard van Troje;Paard van Troje;Boeken en koffie: de perfecte combinatie!;Books and coffee - the perfect combination!;Des livres et du café: la combinaison parfaite!;Bücher und Kaffee: die perfekte Kombination!;Libros y café: ¡una combinación de oro!;https://visit.gent.be/nl/eten-drinken/paard-van-troje;;Café;Cafés;Bar;Café;Bar;Paard van Troje;Kouter 113-114;9000;Gent;2013-01-25T13:04:35Z;https://visit.gent.be/themes/custom/vg_theme/icon/red/coffee.svg;eat_drink;coffee;visit.gent.be/themes/custom/vg_theme/icon/red/coffee.svg;1585;51.0500373839,3.72234797471
"{""coordinates"": [3.725888967370875, 51.05613708486191], ""type"": ""Point""}";148;http://stad.gent/id/place/tourism/8eeb2340-a2cf-44fd-aee1-a68603609dfc;Palenque;Palenque;Palenque;Palenque;Palenque;Latijns-Amerika in je glas;A sip of Latin America;L’Amérique latine dans votre verre;Lateinamerika im Glas;Su copa llena de sabores latinoamericanos;https://visit.gent.be/nl/eten-drinken/palenque;;Café;Cafés;Bar;Café;Bar;Palenque;Serpentstraat 28;9000;Gent;2017-10-23T06:50:18Z;https://visit.gent.be/themes/custom/vg_theme/icon/red/cafe.svg;eat_drink;cafe;visit.gent.be/themes/custom/vg_theme/icon/red/cafe.svg;1771;51.0561370849,3.72588896737
"{""coordinates"": [3.727963924760212, 51.04791641235669], ""type"": ""Point""}";177;http://stad.gent/id/place/tourism/fe99a2ed-c041-4648-a3b5-98fc4ca91da1;Polé Polé;Polé Polé;Polé Polé;Polé Polé;Polé Polé;A little Africa midden in het centrum van Gent;Little Africa right in the city centre of Ghent;Un peu d'Afrique au centre-ville de Gand;A little Afrika mitten im Zentrum von Gent;Ambiente africano en el centro de Gante;https://visit.gent.be/nl/eten-drinken/pole-pole;;Café;Cafés;Bar;Café;Bar;Polé Polé;Lammerstraat 8;9000;Gent;2013-03-25T11:38:28Z;https://visit.gent.be/themes/custom/vg_theme/icon/red/cafe.svg;eat_drink;cafe;visit.gent.be/themes/custom/vg_theme/icon/red/cafe.svg;1685;51.0479164124,3.72796392476
"{""coordinates"": [3.722602128764315, 51.054199218802005], ""type"": ""Point""}";187;http://stad.gent/id/place/tourism/6b38b7af-78f7-4d13-8bcc-f6a322ba1686;RAY;RAY;RAY;RAY;RAY;Hippe weekendbar in een serre;Trendy weekend bar in a greenhouse;Bar branché dans une serre;Hippe Wochenendbar im Treibhaus;Moderno bar de fin de semana en un invernadero;https://visit.gent.be/nl/eten-drinken/ray;;Café;Cafés;Bar;Café;Bar;RAY;Klein Turkijke 20;9000;Gent;2019-07-02T14:00:16Z;https://visit.gent.be/themes/custom/vg_theme/icon/red/cafe.svg;eat_drink;cafe;visit.gent.be/themes/custom/vg_theme/icon/red/cafe.svg;3534;51.0541992188,3.72260212876
"{""coordinates"": [3.723813056868984, 51.054092407307444], ""type"": ""Point""}";228;http://stad.gent/id/place/tourism/17cb5ece-8271-45d7-8ed6-d74bdfeaa8f8;Sint-Jorishof;Sint-Jorishof;Sint-Jorishof;Sint-Jorishof;Sint-Jorishof;Authentieke brasserie tegenover het stadhuis;Authentic bistro opposite the Town Hall;Brasserie authentique en face de l'Hôtel de Ville;Authentische Brasserie gegenüber dem Rathaus;Restaurante auténtico;https://visit.gent.be/nl/eten-drinken/sint-jorishof;;Café;Cafés;Bar;Café;Bar;Sint-Jorishof;Botermarkt 2;9000;Gent;2018-03-28T12:22:05Z;https://visit.gent.be/themes/custom/vg_theme/icon/red/restaurant.svg;eat_drink;restaurant;visit.gent.be/themes/custom/vg_theme/icon/red/restaurant.svg;2665;51.0540924073,3.72381305687
"{""coordinates"": [3.720916033196859, 51.05453872670378], ""type"": ""Point""}";268;http://stad.gent/id/place/tourism/b17a18de-8c10-45b3-a30b-0f99065493e8;The Cobbler;The Cobbler;The Cobbler;The Cobbler;The Cobbler;Stijlvolle cocktailbar met adembenemend uitzicht;Stylish cocktail bar with breathtaking views;Bar à cocktails stylé à la vue imprenable;Stilvolle Cocktailbar mit atemberaubender Aussicht;Elegante bar de cócteles con vistas impresionantes;https://visit.gent.be/nl/eten-drinken/cobbler;;Café;Cafés;Bar;Café;Bar;The Cobbler;Graslei 16;9000;Gent;2017-09-07T10:17:57Z;https://visit.gent.be/themes/custom/vg_theme/icon/red/cafe.svg;eat_drink;cafe;visit.gent.be/themes/custom/vg_theme/icon/red/cafe.svg;1768;51.0545387267,3.7209160332
"{""coordinates"": [3.725512027989437, 51.05313110349866], ""type"": ""Point""}";271;http://stad.gent/id/place/tourism/ff2cc51e-46a3-4095-98ee-5476a5e808d7;The Glengarry;The Glengarry;The Glengarry;The Glengarry;The Glengarry;Hier proef je whisky, als beginner of kenner;Whisky heaven for novices and connoisseurs alike;Whisky pour débutants et connaisseurs;Neulinge und Kenner können hier Whisky kosten;Saborear un whisky como principiante o profesional;https://visit.gent.be/nl/eten-drinken/glengarry;;Café;Cafés;Bar;Café;Bar;The Glengarry;Sint-Baafsplein 32;9000;Gent;2013-03-25T13:24:16Z;https://visit.gent.be/themes/custom/vg_theme/icon/red/cafe.svg;eat_drink;cafe;visit.gent.be/themes/custom/vg_theme/icon/red/cafe.svg;1692;51.0531311035,3.72551202799
"{""coordinates"": [3.722472906110713, 51.05642700203335], ""type"": ""Point""}";319;http://stad.gent/id/place/tourism/2359de2c-86bf-4121-ad6b-6a3732fd875a;Waterhuis aan de Bierkant;Waterhuis aan de Bierkant;Waterhuis aan de Bierkant;Waterhuis aan de Bierkant;Waterhuis aan de Bierkant;Ooit een bordeel, vandaag een gezellige kroeg;A former brothel turned cosy pub;Jadis un bordel, désormais un bistrot sympa;Einst Freudenhaus, heute gemütliche Kneipe;Antes un burdel, ahora un acogedor bar;https://visit.gent.be/nl/eten-drinken/waterhuis-aan-de-bierkant;;Café;Cafés;Bar;Café;Bar;Waterhuis aan de Bierkant;Groentenmarkt 9;9000;Gent;2013-01-24T15:10:07Z;https://visit.gent.be/themes/custom/vg_theme/icon/red/cafe.svg;eat_drink;cafe;visit.gent.be/themes/custom/vg_theme/icon/red/cafe.svg;1583;51.056427002,3.72247290611
"{""coordinates"": [3.719483852732645, 51.05671691908353], ""type"": ""Point""}";323;http://stad.gent/id/place/tourism/a22df8e5-3fd5-4f0a-9fc6-15d15a86976d;Win;Win;Win;Win;Win;Ontbijtplek in de ochtend, wijnbar 's avonds;Breakfast by day, wine bar by night;Pour petit-déjeuner le matin, bar à vin le soir;Morgens frühstücken, abends Weintrinken;Ideal para un desayuno o un vino por la noche;https://visit.gent.be/nl/eten-drinken/win;;Café;Cafés;Bar;Café;Bar;Bar Win;Burgstraat 8;9000;Gent;2017-08-18T10:37:20Z;https://visit.gent.be/themes/custom/vg_theme/icon/red/coffee.svg;eat_drink;coffee;visit.gent.be/themes/custom/vg_theme/icon/red/coffee.svg;1767;51.0567169191,3.71948385273
"{""coordinates"": [3.722361087417378, 51.056262969778736], ""type"": ""Point""}";344;http://stad.gent/id/place/tourism/c56515db-4199-407c-8ec8-a48201a3377c;'t Dreupelkot;'t Dreupelkot;'t Dreupelkot;'t Dreupelkot;'t Dreupelkot;Kleine jeneverkroeg in het hart van Gent;Small jenever pub in the heart of Ghent;Petit bar à genièvre au cœur de Gand;Kleine Geneverkneipe mitten in Gent;Pequeño bar de ginebra en el centro de Gante;https://visit.gent.be/nl/eten-drinken/t-dreupelkot;;Café;Cafés;Bar;Café;Bar;'t Dreupelkot;Groentenmarkt 12;9000;Gent;2013-01-22T10:18:20Z;https://visit.gent.be/themes/custom/vg_theme/icon/red/cafe.svg;eat_drink;cafe;visit.gent.be/themes/custom/vg_theme/icon/red/cafe.svg;1574;51.0562629698,3.72236108742
"{""coordinates"": [3.724210977302197, 51.05810546884239], ""type"": ""Point""}";354;http://stad.gent/id/place/tourism/1b42ed74-ba82-44ed-83a8-185a7e25f24a;Aba-jour;Aba-jour;Aba-jour;Aba-jour;Aba-jour;Art-deco brasserie met zicht op de Leie;Art-deco brasserie with a view of the Lys;Brasserie art déco avec vue sur la Lys;Art-déco-Brasserie mit Blick auf die Leie;Brasserie Art Déco con vistas al río Lys;https://visit.gent.be/nl/eten-drinken/aba-jour;;Café;Cafés;Bar;Café;Bar;Aba-jour;Oudburg 20;9000;Gent;2013-03-15T14:35:05Z;https://visit.gent.be/themes/custom/vg_theme/icon/red/restaurant.svg;eat_drink;restaurant;visit.gent.be/themes/custom/vg_theme/icon/red/restaurant.svg;1619;51.0581054688,3.7242109773
"{""coordinates"": [3.727437019726929, 51.056953430146116], ""type"": ""Point""}";362;http://stad.gent/id/place/tourism/b393654c-84aa-4dae-8e09-f246b2444921;Afsnis;Afsnis;Afsnis;Afsnis;Afsnis;Bruin praatcafé voor de echte bierliefhebber;Brown pub for real beer lovers;Café brun typique pour les vrais amateurs de bière;Urgemütliches Lokal für Bierfans;Bar popular para los amantes de la cerveza;https://visit.gent.be/nl/eten-drinken/afsnis;;Café;Cafés;Bar;Café;Bar;Afsnis;Bij Sint-Jacobs 10;9000;Gent;2013-03-22T13:05:22Z;https://visit.gent.be/themes/custom/vg_theme/icon/red/cafe.svg;eat_drink;cafe;visit.gent.be/themes/custom/vg_theme/icon/red/cafe.svg;1683;51.0569534301,3.72743701973
"{""coordinates"": [3.730687379546422, 51.053901672528276], ""type"": ""Point""}";436;http://stad.gent/id/place/tourism/6beb2eac-d5e0-4bfd-a1a0-2c8f62254e2f;Bar Bidon;Bar Bidon;Bar Bidon;Bar Bidon;Bar Bidon;Koffiebar voor fietsliefhebbers;Coffee bar for cycling enthusiasts;Bar à café pour les amateurs de cyclisme;Kaffeebar für Fahrradfans;Cafetería para los amantes de las bicis;https://visit.gent.be/nl/eten-drinken/bar-bidon;;Café;Cafés;Bar;Café;Bar;Bar Bidon;Bisdomkaai 25;9000;Gent;2015-01-08T09:27:51Z;https://visit.gent.be/themes/custom/vg_theme/icon/red/coffee.svg;eat_drink;coffee;visit.gent.be/themes/custom/vg_theme/icon/red/coffee.svg;1732;51.0539016725,3.73068737955
"{""coordinates"": [3.716998100255429, 51.0562019347274], ""type"": ""Point""}";440;http://stad.gent/id/place/tourism/31bffd0a-72ba-4f32-b3e9-ff145958507d;Bar Mirwaar;Bar Mirwaar;Bar Mirwaar;Bar Mirwaar;Bar Mirwaar;Huiselijk muziekcafé;Music bar with a homely feel;Bar musical cosy;Häusliche Musikkneipe;Pub de música acogedor;https://visit.gent.be/nl/eten-drinken/bar-mirwaar;;Café;Cafés;Bar;Café;Bar;Bar Mirwaar;Burgstraat 59;9000;Gent;2018-10-01T09:07:50Z;https://visit.gent.be/themes/custom/vg_theme/icon/red/cafe.svg;eat_drink;cafe;visit.gent.be/themes/custom/vg_theme/icon/red/cafe.svg;3092;51.0562019347,3.71699810026
"{""coordinates"": [3.728481054326548, 51.05609130859765], ""type"": ""Point""}";441;http://stad.gent/id/place/tourism/8073298a-adc9-4b38-8e95-652375c566e7;Bar des Amis;Bar des Amis;Bar des Amis;Bar des Amis;Bar des Amis;De bar voor echte vrienden;The bar for true friends;Le bar des vrais amis;Die Bar für echte Freunde;Un lugar de encuentro para los verdaderos amigos;https://visit.gent.be/nl/eten-drinken/bar-des-amis;;Café;Cafés;Bar;Café;Bar;Bar des Amis;Vlasmarkt 5;9000;Gent;2013-03-22T09:30:25Z;https://visit.gent.be/themes/custom/vg_theme/icon/red/cafe.svg;eat_drink;cafe;visit.gent.be/themes/custom/vg_theme/icon/red/cafe.svg;1679;51.0560913086,3.72848105433
"{""coordinates"": [3.696542977942422, 51.06187057523231], ""type"": ""Point""}";495;http://stad.gent/id/place/tourism/5998482d-2268-4032-9897-31b3afe53bff;Café Congé;Café Congé;Café Congé;Café Congé;Café Congé;Eigentijds buurtcafé aan de Brugse Poort;Hip neighbourhood pub at Brugse Poort;Café de quartier contemporain à Brugse Poort;Modernes Stammlokal an Brugse Poort;Cafetería moderna en el barrio Brugse Poort;https://visit.gent.be/nl/eten-drinken/cafe-conge;;Café;Cafés;Bar;Café;Bar;Café Congé;Fonteineplein 22;9000;Gent;2019-07-02T13:48:54Z;https://visit.gent.be/themes/custom/vg_theme/icon/red/cafe.svg;eat_drink;cafe;visit.gent.be/themes/custom/vg_theme/icon/red/cafe.svg;3533;51.0618705752,3.69654297794
"{""coordinates"": [3.722321033335496, 51.059379577541044], ""type"": ""Point""}";498;http://stad.gent/id/place/tourism/7b1d1df5-1657-4d1d-bcc1-ec393af5178c;Café Folklore;Café Folklore;Café Folklore;Café Folklore;Café Folklore;Een echt authentiek volkscafé;An authentic popular pub;Un vrai café populaire authentique;Eine richtige ursprüngliche Volkskneipe;Auténtico bar popular;https://visit.gent.be/nl/eten-drinken/cafe-folklore;;Café;Cafés;Bar;Café;Bar;Folklore;Lange Steenstraat 69;9000;Gent;2012-12-19T12:19:22Z;https://visit.gent.be/themes/custom/vg_theme/icon/red/cafe.svg;eat_drink;cafe;visit.gent.be/themes/custom/vg_theme/icon/red/cafe.svg;1571;51.0593795775,3.72232103334
"{""coordinates"": [3.727224111818089, 51.04895019537152], ""type"": ""Point""}";502;http://stad.gent/id/place/tourism/d1566298-75ed-49d7-9374-468a49a8e4e7;Café Romain;Café Romain;Café Romain;Café Romain;Café Romain;In de schaduw van de Minardschouwburg;In the shadow of Minard theatre;Dans l’ombre du Théâtre Minard;Im Schatten des Minard-Theaters;En la sombra del teatro Minard;https://visit.gent.be/nl/eten-drinken/cafe-romain;;Café;Cafés;Bar;Café;Bar;Café Romain;Walpoortstraat 13;9000;Gent;2020-12-17T09:21:58Z;https://visit.gent.be/themes/custom/vg_theme/icon/red/cafe.svg;eat_drink;cafe;visit.gent.be/themes/custom/vg_theme/icon/red/cafe.svg;4552;51.0489501954,3.72722411182
"{""coordinates"": [3.723488092213278, 51.055198669457816], ""type"": ""Point""}";518;http://stad.gent/id/place/tourism/069f540f-842f-47c3-ba75-45b1161da8ba;Club Central;Club Central;Club Central;Club Central;Club Central;Heb je zin om te leren salsadansen?;Keen to learn salsa?;Envie d’apprendre à danser la salsa ?;Lust, Salsa-Tanzen zu lernen?;¿Le apetece aprender a bailar Salsa?;https://visit.gent.be/nl/eten-drinken/club-central;;Café;Cafés;Bar;Café;Bar;Club Central;Hoogpoort 32;9000;Gent;2013-03-22T12:54:52Z;https://visit.gent.be/themes/custom/vg_theme/icon/red/cafe.svg;eat_drink;cafe;visit.gent.be/themes/custom/vg_theme/icon/red/cafe.svg;1681;51.0551986695,3.72348809221
"{""coordinates"": [3.729861021113202, 51.040107727255474], ""type"": ""Point""}";539;http://stad.gent/id/place/tourism/b0d5601c-2002-499c-8446-e2738eac559d;De Brouwzaele;De Brouwzaele;De Brouwzaele;De Brouwzaele;De Brouwzaele;Perfecte locatie voor een biertje na de film;The perfect spot for a post-cinema beer;Le lieu parfait pour une bière après votre film;Perfekter Ort für ein Bierchen nach dem Kinobesuch;El lugar ideal para tomarse algo después del cine;https://visit.gent.be/nl/eten-drinken/de-brouwzaele;;Café;Cafés;Bar;Café;Bar;De Brouwzaele;Ter Platen 17;9000;Gent;2013-01-25T14:28:48Z;https://visit.gent.be/themes/custom/vg_theme/icon/red/cafe.svg;eat_drink;cafe;visit.gent.be/themes/custom/vg_theme/icon/red/cafe.svg;1591;51.0401077273,3.72986102111
"{""coordinates"": [3.73153400397246, 51.054496764857895], ""type"": ""Point""}";556;http://stad.gent/id/place/tourism/3afee7d4-71aa-4c29-8079-037cc32fb629;De Roerkuip;De Roerkuip;De Roerkuip;De Roerkuip;De Roerkuip;Van rustige babbels tot spontane dansfeestjes;From quiet chats to spontaneous dance parties;De conversations posées à des fêtes dansantes;Angenehme Gespräche oder spontane Tanzpartys;Tanto para hablar tranquilamente como para bailar;https://visit.gent.be/nl/eten-drinken/de-roerkuip;;Café;Cafés;Bar;Café;Bar;De Roerkuip;Oude Beestenmarkt 8;9000;Gent;2013-03-21T13:48:50Z;https://visit.gent.be/themes/custom/vg_theme/icon/red/cafe.svg;eat_drink;cafe;visit.gent.be/themes/custom/vg_theme/icon/red/cafe.svg;1671;51.0544967649,3.73153400397
"{""coordinates"": [3.729965925473746, 51.070827484218235], ""type"": ""Point""}";623;http://stad.gent/id/place/tourism/9f16bdd6-917e-4ead-bb9e-0c828d5f3a02;Frou Frou;Frou Frou;Frou Frou;Frou Frou;Frou Frou;Buurtcafé en restaurant met art deco interieur;Local pub and restaurant with art deco interior;Café et restaurant art déco;Stammlokal und Restaurant mit Art déco-Innenausstattung;Café y restaurante de barrio con un interior estilo “art déco”;https://visit.gent.be/nl/eten-drinken/frou-frou;;Café;Cafés;Bar;Café;Bar;Frou Frou;Terneuzenlaan 5;9000;Gent;2018-11-12T10:31:54Z;https://visit.gent.be/themes/custom/vg_theme/icon/red/restaurant.svg;eat_drink;restaurant;visit.gent.be/themes/custom/vg_theme/icon/red/restaurant.svg;3183;51.0708274842,3.72996592547
"{""coordinates"": [3.727868079909296, 51.05591583259293], ""type"": ""Point""}";653;http://stad.gent/id/place/tourism/caed534f-ff89-4b9e-ac6c-deadda71c3fe;Gloria;Gloria;Gloria;Gloria;Gloria;Een café met een hoek af;A quirky bar;Un café décalé;Eine exzeptionelle Kneipe;Una taberna peculiar;https://visit.gent.be/nl/eten-drinken/gloria;;Café;Cafés;Bar;Café;Bar;Gloria;Vlasmarkt 17;9000;Gent;2013-02-01T13:03:24Z;https://visit.gent.be/themes/custom/vg_theme/icon/red/cafe.svg;eat_drink;cafe;visit.gent.be/themes/custom/vg_theme/icon/red/cafe.svg;1595;51.0559158326,3.72786807991
"{""coordinates"": [3.731020927604695, 51.0543594361466], ""type"": ""Point""}";655;http://stad.gent/id/place/tourism/ec452438-a721-490a-b4db-d6b5d6033b79;Gomez;Gomez;Gomez;Gomez;Gomez;Ongedwongen plaats voor een drankje of verse tapas;Relaxed hotspot for a drink or fresh tapas;Lieu simple pour une boisson ou des tapas fraîches;Ungezwungener Ort für Drinks oder frische Tapas;Un lugar tranquilo para una copa o tapas frescas;https://visit.gent.be/nl/eten-drinken/gomez;;Café;Cafés;Bar;Café;Bar;Gomez;Oude beestenmarkt 4;9000;Gent;2016-05-11T11:39:19Z;https://visit.gent.be/themes/custom/vg_theme/icon/red/restaurant.svg;eat_drink;restaurant;visit.gent.be/themes/custom/vg_theme/icon/red/restaurant.svg;1750;51.0543594361,3.7310209276
"{""coordinates"": [3.738288402457785, 51.052742004244315], ""type"": ""Point""}";674;http://stad.gent/id/place/tourism/786e921c-64ba-4472-baf5-1e0622f56ead;Het Gouden Hoofd;Het Gouden Hoofd;Het Gouden Hoofd;Het Gouden Hoofd;Het Gouden Hoofd;Gezellige kroeg en restaurant;Cosy pub and restaurant;Bistrot et restaurant sympa;Gemütliche Kneipe und tolles Restaurant;Acogedor bar y restaurante;https://visit.gent.be/nl/eten-drinken/het-gouden-hoofd;;Café;Cafés;Bar;Café;Bar;Het Gouden Hoofd;Slachthuisstraat 96;9000;Gent;2013-03-19T09:18:12Z;https://visit.gent.be/themes/custom/vg_theme/icon/red/restaurant.svg;eat_drink;restaurant;visit.gent.be/themes/custom/vg_theme/icon/red/restaurant.svg;1643;51.0527420042,3.73828840246
"{""coordinates"": [3.713188886819614, 51.05477905300944], ""type"": ""Point""}";715;http://stad.gent/id/place/tourism/24e19f51-1cb2-4697-905d-66b64335511a;Huset;Huset;Huset;Huset;Huset;Kunst, koffie & ontbijt in huiskamersfeer;Art, coffee & breakfast in a homely atmosphere;Art, café et petit-déjeuner : ambiance salon;Kunst, Kaffee & Frühstück in Wohnzimmeratmosphäre;Arte, café y desayunos en un ambiente de salón;https://visit.gent.be/nl/eten-drinken/huset;;Café;Cafés;Bar;Café;Bar;Huset;Hoogstraat 49;9000;Gent;2014-11-12T13:16:15Z;https://visit.gent.be/themes/custom/vg_theme/icon/red/coffee.svg;eat_drink;coffee;visit.gent.be/themes/custom/vg_theme/icon/red/coffee.svg;1718;51.054779053,3.71318888682
"{""coordinates"": [3.716748952511383, 51.05435562126614], ""type"": ""Point""}";45;http://stad.gent/id/place/tourism/9b0b6ff8-6255-47b8-beed-407199da0945;Labath;Labath;Labath;Labath;Labath;Voor een vlugge espresso of uitgebreide lunch;For a quick espresso or an extensive brunch;Expresso sur le pouce ou brunch copieux;Schneller Espresso oder ausführlicher Brunch;Un expresso rápido o un brunch abundante;https://visit.gent.be/nl/eten-drinken/labath;;Café;Cafés;Bar;Café;Bar;Café Labath;Oude Houtlei 1;9000;Gent;2012-12-14T13:11:33Z;https://visit.gent.be/themes/custom/vg_theme/icon/red/coffee.svg;eat_drink;coffee;visit.gent.be/themes/custom/vg_theme/icon/red/coffee.svg;1567;51.0543556213,3.71674895251
"{""coordinates"": [3.727797031255162, 51.061038970685246], ""type"": ""Point""}";105;http://stad.gent/id/place/tourism/09d5a6dd-e3fb-425e-9450-78fe151fcd9d;Multatuli;Multatuli;Multatuli;Multatuli;Multatuli;Gezellig tafelen langs de Leie;Enjoy a lovely meal along the Lys;Restaurant sympa le long de la Lys;Gemütlich Essen an der Leie;Disfrutar de una buena comida a orillas de río Lys;https://visit.gent.be/nl/eten-drinken/multatuli;;Café;Cafés;Bar;Café;Bar;Multatuli;Huidevetterskaai 40;9000;Gent;2012-05-21T11:49:02Z;https://visit.gent.be/themes/custom/vg_theme/icon/red/restaurant.svg;eat_drink;restaurant;visit.gent.be/themes/custom/vg_theme/icon/red/restaurant.svg;1519;51.0610389707,3.72779703126
"{""coordinates"": [3.703214884135188, 51.06619644175543], ""type"": ""Point""}";109;http://stad.gent/id/place/tourism/2fba5132-458b-4769-bd1f-6b25d19e6393;Museumcafé Museum Dr. Guislain;Pub of the Dr. Guilain Museum;Le café du Musée Dr. Guislain;Museumkneipe des Museums Dr. Guislain;La cafetería del Museo Dr. Guislain;Gezellig café in binnentuin;A cosy pub in a courtyard garden;Agréable café dans un jardin intérieur;Gemütliche Kneipe in einem Innengarten;Bar acogedor en un jardín interior;https://visit.gent.be/nl/eten-drinken/museumcafe-museum-dr-guislain;;Café;Cafés;Bar;Café;Bar;Museum Dr. Guislain;Jozef Guislainstraat 43;9000;Gent;2021-03-29T09:57:27Z;https://visit.gent.be/themes/custom/vg_theme/icon/red/cafe.svg;eat_drink;cafe;visit.gent.be/themes/custom/vg_theme/icon/red/cafe.svg;4678;51.0661964418,3.70321488414
"{""coordinates"": [3.724096298373036, 51.05269622801191], ""type"": ""Point""}";154;http://stad.gent/id/place/tourism/c9dda805-50db-43ca-b99d-aa6cb8c92fca;Parole;Parole;Parole;Parole;Parole;Jazzy wijnbar;Jazzy wine bar;Bar à vins jazzy;Jazzy Weinbar;Vinoteca donde reina el jazz;https://visit.gent.be/nl/eten-drinken/parole;;Café;Cafés;Bar;Café;Bar;Parole;Bennesteeg 9;9000;Gent;2020-09-11T12:27:49Z;https://visit.gent.be/themes/custom/vg_theme/icon/red/cafe.svg;eat_drink;cafe;visit.gent.be/themes/custom/vg_theme/icon/red/cafe.svg;4347;51.052696228,3.72409629837
"{""coordinates"": [3.719506024950471, 51.050018310537794], ""type"": ""Point""}";160;http://stad.gent/id/place/tourism/44fbd96a-559a-455f-b71b-0907a0f8a0d1;Patrick Foley's Irish Pub;Patrick Foley's Irish Pub;Patrick Foley's Irish Pub;Patrick Foley's Irish Pub;Patrick Foley's Irish Pub;Waar Ierse gastvrijheid en Belgische trots samenkomen;Where Irish hospitality meets Belgian pride;Quand l'hospitalité irlandaise rencontre la fierté belge;Wo irische Gastfreundlichkeit und belgischer Stolz sich treffen;Donde la hospitalidad irlandesa y el orgullo belga se reúnen;https://visit.gent.be/nl/eten-drinken/patrick-foleys-irish-pub;;Café;Cafés;Bar;Café;Bar;Patrick Foley's Irish Pub;Recollettenlei 10;9000;Gent;2013-03-19T08:31:52Z;https://visit.gent.be/themes/custom/vg_theme/icon/red/cafe.svg;eat_drink;cafe;visit.gent.be/themes/custom/vg_theme/icon/red/cafe.svg;1641;51.0500183105,3.71950602495
"{""coordinates"": [3.714056015292001, 51.05602645857722], ""type"": ""Point""}";164;http://stad.gent/id/place/tourism/ef7ecb72-0d50-479d-9112-6b2df24fcdf4;Peper;Peper;Peper;Peper;Peper;Restaurant en wijnbar in één;Restaurant and wine bar in one;Restaurant alias bar à vins;Restaurant und Weinbar unter einem Dach;Restaurante y vinoteca;https://visit.gent.be/nl/eten-drinken/peper;;Café;Cafés;Bar;Café;Bar;Peper;Peperstraat 55;9000;Gent;2020-09-29T04:35:11Z;https://visit.gent.be/themes/custom/vg_theme/icon/red/restaurant.svg;eat_drink;restaurant;visit.gent.be/themes/custom/vg_theme/icon/red/restaurant.svg;4374;51.0560264586,3.71405601529
"{""coordinates"": [3.720082044473594, 51.05508041354864], ""type"": ""Point""}";178;http://stad.gent/id/place/tourism/6f6d0bcc-e24a-4c5a-9eaf-5d296a936bbb;Poppi Coffee & Wine Bar;Poppi Coffee & Wine Bar;Poppi Coffee & Wine Bar;Poppi Coffee & Wine Bar;Poppi Coffee & Wine Bar;Stijlvolle hotelbar in het hart van de stad;Stylish hotel bar;Élégant bar de l'hôtel au cœur de la ville;Geschmackvolle Hotelbar im Herzen der Stadt;Elegante bar de hotel en el corazón de la ciudad;https://visit.gent.be/nl/eten-drinken/poppi-coffee-wine-bar;;Café;Cafés;Bar;Café;Bar;Poppi Bar;Korenlei 10;9000;Gent;2013-03-25T13:33:42Z;https://visit.gent.be/themes/custom/vg_theme/icon/red/cafe.svg;eat_drink;cafe;visit.gent.be/themes/custom/vg_theme/icon/red/cafe.svg;1693;51.0550804135,3.72008204447
"{""coordinates"": [3.723102092423916, 51.05783081039676], ""type"": ""Point""}";199;http://stad.gent/id/place/tourism/af2a5c0c-c864-4c7e-97c4-d7b0ac66a4a0;Rococo;Rococo;Rococo;Rococo;Rococo;Café met ongedwongen sfeer & kaarslicht;Candle-lit café with a relaxed atmosphere;Un café intimiste éclairé aux chandelles;Urgemütliches Café & Kerzenlicht;Café con un ambiente tranquilo y luz de las velas;https://visit.gent.be/nl/eten-drinken/rococo;;Café;Cafés;Bar;Café;Bar;Rococo;Corduwaniersstraat 57;9000;Gent;2013-01-25T13:42:17Z;https://visit.gent.be/themes/custom/vg_theme/icon/red/cafe.svg;eat_drink;cafe;visit.gent.be/themes/custom/vg_theme/icon/red/cafe.svg;1590;51.0578308104,3.72310209242
"{""coordinates"": [3.730375051491819, 51.057243347288], ""type"": ""Point""}";207;http://stad.gent/id/place/tourism/92b782a3-79f1-46c7-9059-8077aca18f58;SOMM;SOMM;SOMM;SOMM;SOMM;Eigentijdse wijnbar en bistro;Trendy wine bar and bistro;Bistro et bar à vins contemporain;Moderne Weinstube und Bistro;Vinoteca y bistró contemporáneo;https://visit.gent.be/nl/eten-drinken/somm;;Café;Cafés;Bar;Café;Bar;SOMM;Steendam 39;9000;Gent;2018-10-17T10:38:59Z;https://visit.gent.be/themes/custom/vg_theme/icon/red/restaurant.svg;eat_drink;restaurant;visit.gent.be/themes/custom/vg_theme/icon/red/restaurant.svg;3144;51.0572433473,3.73037505149
"{""coordinates"": [3.721641063462647, 51.053707122594304], ""type"": ""Point""}";245;http://stad.gent/id/place/tourism/a8673b61-dcb4-4195-bc70-6dc714cbeecd;Sphinx café;Sphinx café;Sphinx café;Sphinx café;Sphinx café;Nagenieten van de film in deze bruine kroeg;Brown pub for post-cinema drinks;Venez vous détendre dans ce café après votre film;In dieser Kneipe den Film nachbesprechen;Bar popular para después de una buena peli;https://visit.gent.be/nl/eten-drinken/sphinx-cafe;;Café;Cafés;Bar;Café;Bar;Sphinx cinema & café;Sint-Michielshelling 3;9000;Gent;2013-02-01T06:54:48Z;https://visit.gent.be/themes/custom/vg_theme/icon/red/cafe.svg;eat_drink;cafe;visit.gent.be/themes/custom/vg_theme/icon/red/cafe.svg;1593;51.0537071226,3.72164106346
"{""coordinates"": [3.733817100114813, 51.048778534188784], ""type"": ""Point""}";257;http://stad.gent/id/place/tourism/e0aa86ef-0964-4bfc-b513-04a5cf67af5f;Studio Skoop Café;Studio Skoop Café;Studio Skoop Café;Studio Skoop Café;Studio Skoop Café;Hotspot voor filmfreaks en nostalgici;Hotspot for film freaks and nostalgics;Hotspot pour cinéphiles et nostalgiques;Hotspot für Filmfreaks und Nostalgiker;Lugar de encuentro para los amantes del cine;https://visit.gent.be/nl/eten-drinken/studio-skoop-cafe;;Café;Cafés;Bar;Café;Bar;Studio Skoop;Sint-Annaplein 63;9000;Gent;2013-02-01T12:28:03Z;https://visit.gent.be/themes/custom/vg_theme/icon/red/cafe.svg;eat_drink;cafe;visit.gent.be/themes/custom/vg_theme/icon/red/cafe.svg;1594;51.0487785342,3.73381710011
"{""coordinates"": [3.727262735782024, 51.05607604964464], ""type"": ""Point""}";288;http://stad.gent/id/place/tourism/3e780338-fbcd-432f-9c1d-8fa20fd078f9;Trollekelder;Trollekelder;Trollekelder;Trollekelder;Trollekelder;Biercafé in de schaduw van de Sint-Jacobskerk;Beer café in the shadows of the St James' church;Bar à bières à l'ombre de l'église Saint-Jacques;Bierlokal im Schatten der St.-Jakob-Kirche;Cervecería a la sombra de la Iglesia de Santiago;https://visit.gent.be/nl/eten-drinken/trollekelder;;Café;Cafés;Bar;Café;Bar;Trollekelder;Bij Sint-Jacobs 17;9000;Gent;2013-03-25T11:41:16Z;https://visit.gent.be/themes/custom/vg_theme/icon/red/cafe.svg;eat_drink;cafe;visit.gent.be/themes/custom/vg_theme/icon/red/cafe.svg;1686;51.0560760496,3.72726273578
"{""coordinates"": [3.727503061171675, 51.04765701281047], ""type"": ""Point""}";310;http://stad.gent/id/place/tourism/f7486dde-a31a-4c22-91b5-1f1e18882dad;Vooruit Café;Vooruit Café;Vooruit Café;Vooruit Café;Vooruit Café;Café van Kunstencentrum Vooruit;The café of Arts Centre Vooruit;Café du Centre d’art Vooruit;Café des Kunstzentrums Vooruit;Bar en el antiguo Centro de las Artes Vooruit;https://visit.gent.be/nl/eten-drinken/vooruit-cafe;;Café;Cafés;Bar;Café;Bar;Kunstencentrum Vooruit;Sint-Pietersnieuwstraat 23;9000;Gent;2013-03-19T10:04:38Z;https://visit.gent.be/themes/custom/vg_theme/icon/red/restaurant.svg;eat_drink;restaurant;visit.gent.be/themes/custom/vg_theme/icon/red/restaurant.svg;1649;51.0476570128,3.72750306117
"{""coordinates"": [3.721779108470676, 51.05528640720821], ""type"": ""Point""}";317;http://stad.gent/id/place/tourism/8705a579-341d-498c-a9ab-bc8b8f46261d;Wasbar;Wasbar;Wasbar;Wasbar;Wasbar;Niet zomaar een wasserette;Not just any laundrette;Ceci n’est pas une simple wasserette;Nicht nur ein Waschsalon;Mucho más que una simple lavandería;https://visit.gent.be/nl/eten-drinken/wasbar;;Café;Cafés;Bar;Café;Bar;Wasbar Korenmarkt;Korenmarkt 37;9000;Gent;2013-03-25T11:47:21Z;https://visit.gent.be/themes/custom/vg_theme/icon/red/coffee.svg;eat_drink;coffee;visit.gent.be/themes/custom/vg_theme/icon/red/coffee.svg;1687;51.0552864072,3.72177910847
"{""coordinates"": [3.722059487942209, 51.05603408806258], ""type"": ""Point""}";346;http://stad.gent/id/place/tourism/91d9c6fe-094b-439a-869b-5867b694d258;'t Galgenhuisje;'t Galgenhuisje;'t Galgenhuisje;'t Galgenhuisje;'t Galgenhuisje;Kleinste café van Gent in historisch pand;The smallest café of Ghent in a historical setting;'t Galgenhuisje;Kleinste Kneipe Gents in historischem Gebäude;El bar más pequeño de Gante en un lugar histórico;https://visit.gent.be/nl/eten-drinken/t-galgenhuisje;;Café;Cafés;Bar;Café;Bar;'t Galgenhuisje;Groentenmarkt 5;9000;Gent;2013-01-22T13:02:17Z;https://visit.gent.be/themes/custom/vg_theme/icon/red/cafe.svg;eat_drink;cafe;visit.gent.be/themes/custom/vg_theme/icon/red/cafe.svg;1575;51.0560340881,3.72205948794
"{""coordinates"": [3.722806930276048, 51.055603027512014], ""type"": ""Point""}";356;http://stad.gent/id/place/tourism/6985cb67-c640-4804-a00e-ae4046445dd5;Abacho 2K18 - Silent Disco;Abacho 2K18 - Silent Disco;Abacho 2K18 - Silent Disco;Abacho 2K18 - Silent Disco;Abacho 2K18 - Silent Disco;De eerste silent disco in België;Belgium's first silent disco;La première silent disco de Belgique;Die erste Silent Disco Belgiens;La primera discoteca silenciosa de Bélgica;https://visit.gent.be/nl/eten-drinken/abacho-2k18-silent-disco;;Café;Cafés;Bar;Café;Bar;Abacho 2K18 (Geico);Hoogpoort 12/A;9000;Gent;2018-05-07T13:27:51Z;https://visit.gent.be/themes/custom/vg_theme/icon/red/cafe.svg;eat_drink;cafe;visit.gent.be/themes/custom/vg_theme/icon/red/cafe.svg;2872;51.0556030275,3.72280693028
"{""coordinates"": [3.724893093250245, 51.05895996115154], ""type"": ""Point""}";372;http://stad.gent/id/place/tourism/5935c82e-e50a-43e1-b70f-f8f11c46a8f1;André Aperobar;André Aperobar;André Aperobar;André Aperobar;André Aperobar;Voor de mooiste apero momenten;To enjoy the loveliest aperitif moments;Pour des moments parfaits à l’apéro;Für die schönsten Apero-Momente;Para los mejores momentos de aperitivo;https://visit.gent.be/nl/eten-drinken/andre-aperobar;;Café;Cafés;Bar;Café;Bar;André Aperobar;Oudburg 90;9000;Gent;2018-08-31T07:44:59Z;https://visit.gent.be/themes/custom/vg_theme/icon/red/cafe.svg;eat_drink;cafe;visit.gent.be/themes/custom/vg_theme/icon/red/cafe.svg;3044;51.0589599612,3.72489309325
"{""coordinates"": [3.729342937536016, 51.05951690660835], ""type"": ""Point""}";435;http://stad.gent/id/place/tourism/776ad580-2034-4d8e-adcb-c5fd194b5338;Bar Baudelo;Bar Baudelo;Bar Baudelo;Bar Baudelo;Bar Baudelo;Café in het Industriemuseum;Café in the Museum of Industry;Café au Musée de l’Industrie;Kneipe im Industriemuseum;Cafetería en el Museo de la Industria;https://visit.gent.be/nl/eten-drinken/bar-baudelo;;Café;Cafés;Bar;Café;Bar;Bar Baudelo;Minnemers 10;9000;Gent;2021-01-15T10:11:00Z;https://visit.gent.be/themes/custom/vg_theme/icon/red/cafe.svg;eat_drink;cafe;visit.gent.be/themes/custom/vg_theme/icon/red/cafe.svg;4580;51.0595169066,3.72934293754
"{""coordinates"": [3.72598481222179, 51.04138183580546], ""type"": ""Point""}";438;http://stad.gent/id/place/tourism/b551a5e8-3dd5-4250-9719-7e77801ad4c9;Bar Jan Cremer;Bar Jan Cremer;Bar Jan Cremer;Bar Jan Cremer;Bar Jan Cremer;Koffiebar en hotspot voor studenten;Coffee bar and student hotspot;Bar à café et hotspot pour étudiants;Kaffeebar und Hotspot für Studenten;Cafetería y lugar de moda para estudiantes;https://visit.gent.be/nl/eten-drinken/bar-jan-cremer;;Café;Cafés;Bar;Café;Bar;Bar Jan Cremer;Kramersplein 5;9000;Gent;2014-12-18T09:26:46Z;https://visit.gent.be/themes/custom/vg_theme/icon/red/coffee.svg;eat_drink;coffee;visit.gent.be/themes/custom/vg_theme/icon/red/coffee.svg;1723;51.0413818358,3.72598481222
"{""coordinates"": [3.730628013482573, 51.05727767962434], ""type"": ""Point""}";443;http://stad.gent/id/place/tourism/701e964c-16ff-4624-b1d8-f934a259f461;Baravins;Baravins;Baravins;Baravins;Baravins;Proef nieuwe smaken van kleine familiale wijnhuizen;Taste new flavours from small family estates;Goûtez de nouvelles saveurs de vignobles familiaux;Neues von kleinen familiären Weinhäusern kosten;Descubra los nuevos sabores en las casas de vino;https://visit.gent.be/nl/eten-drinken/baravins;;Café;Cafés;Bar;Café;Bar;Baravins;Steendam 53;9000;Gent;2016-05-11T10:28:46Z;https://visit.gent.be/themes/custom/vg_theme/icon/red/cafe.svg;eat_drink;cafe;visit.gent.be/themes/custom/vg_theme/icon/red/cafe.svg;1748;51.0572776796,3.73062801348
"{""coordinates"": [3.724334478585785, 51.05387878414387], ""type"": ""Point""}";453;http://stad.gent/id/place/tourism/e5b913e6-ac1e-40f1-9469-6c276f2e01eb;Belfort Restaurant  & Stadscafé;Belfort Restaurant & Stadscafé;Belfort Restaurant & Stadscafé;Belfort Restaurant & Stadscafé;Belfort Restaurant & Stadscafé;Tafelen in de schaduw van het majestueuze Belfort;Eat in the shadows of the majestic Belfry;Repas à l’ombre du majestueux Beffroi;Im Schatten des großartigen Belfrieds speisen;Cenar a la sombra del majestuoso Campanario;https://visit.gent.be/nl/eten-drinken/belfort-restaurant-stadscafe;;Café;Cafés;Bar;Café;Bar;Belfort Restaurant en Stadscafé;Emile Braunplein 40;9000;Gent;2012-12-03T14:07:45Z;https://visit.gent.be/themes/custom/vg_theme/icon/red/restaurant.svg;eat_drink;restaurant;visit.gent.be/themes/custom/vg_theme/icon/red/restaurant.svg;1566;51.0538787841,3.72433447859
"{""coordinates"": [3.724731922013539, 51.058784484725884], ""type"": ""Point""}";488;http://stad.gent/id/place/tourism/27ef898c-0cff-40ca-902f-2f03f0713b5a;Brouwbar;Brouwbar;Brouwbar;Brouwbar;Brouwbar;Artisanale microbrouwerij met rebelse brouwsels;Craft microbrewery with rebellious brews;Microbrasserie artisanale avec des brassins rebelles;Handwerkliche Mikrobrauerei mit rebellischen Gebräuen;Microcervecería artesanal con fórmulas rebeldes;https://visit.gent.be/nl/eten-drinken/brouwbar;;Café;Cafés;Bar;Café;Bar;Brouwbar;Oudburg 70/72A;9000;Gent;2018-10-01T08:48:21Z;https://visit.gent.be/themes/custom/vg_theme/icon/red/cafe.svg;eat_drink;cafe;visit.gent.be/themes/custom/vg_theme/icon/red/cafe.svg;3087;51.0587844847,3.72473192201
"{""coordinates"": [3.725772857425438, 51.05443572973715], ""type"": ""Point""}";497;http://stad.gent/id/place/tourism/5164cd4e-4ea2-4fe3-a5f7-18e51364f96a;Café Den Turk;Café Den Turk;Café Den Turk;Café Den Turk;Café Den Turk;Ontspannen in het oudste café van Gent;Relax at Ghent's oldest café;Moment détente dans le plus vieux café de Gand;Ausspannen im ältesten Lokal Gents;Relajarse en el café más antiguo de Gante;https://visit.gent.be/nl/eten-drinken/cafe-den-turk;;Café;Cafés;Bar;Café;Bar;Café Den Turk;Botermarkt 3;9000;Gent;2012-12-19T09:58:04Z;https://visit.gent.be/themes/custom/vg_theme/icon/red/cafe.svg;eat_drink;cafe;visit.gent.be/themes/custom/vg_theme/icon/red/cafe.svg;1570;51.0544357297,3.72577285743
"{""coordinates"": [3.724611043810608, 51.05740737889275], ""type"": ""Point""}";499;http://stad.gent/id/place/tourism/266e379b-32f0-4a4b-8b7c-b1982b4fd2d7;Café Gitane;Café Gitane;Café Gitane;Café Gitane;Café Gitane;Gezellig genieten in een jaren '30 interieur;Cosiness in a 1930s interior;Moment plaisir dans un intérieur des années 1930;In Einrichtung aus 1930er Jahren genießen;Disfrutar en un interior de los años 30;https://visit.gent.be/nl/eten-drinken/cafe-gitane;;Café;Cafés;Bar;Café;Bar;Café Gitane;Meerseniersstraat 9;9000;Gent;2016-01-20T13:12:09Z;https://visit.gent.be/themes/custom/vg_theme/icon/red/cafe.svg;eat_drink;cafe;visit.gent.be/themes/custom/vg_theme/icon/red/cafe.svg;1745;51.0574073789,3.72461104381
"{""coordinates"": [3.72144389134263, 51.04962539696642], ""type"": ""Point""}";503;http://stad.gent/id/place/tourism/ad6df7f1-0b66-40df-8106-ec8114c512ea;Café Théatre. Theatraal genot.;Café Théâtre: theatrical pleasure;Café Théatre. Un plaisir théâtral.;Café Théatre. Theatralischer Genuss.;Café Théatre;Het culinaire drieluik in de Gentse Opera;The culinary trio at Opera Gent;La trilogie culinaire de l’Opéra de Gand;Der kulinarische Dreiklang in der Opera Gent;Un tríptico culinario en la Ópera de Gante;https://visit.gent.be/nl/eten-drinken/cafe-theatre-theatraal-genot;;Café;Cafés;Bar;Café;Bar;Café Théatre (D & M);Schouwburgstraat 5;9000;Gent;2012-04-19T07:05:45Z;https://visit.gent.be/themes/custom/vg_theme/icon/red/restaurant.svg;eat_drink;restaurant;visit.gent.be/themes/custom/vg_theme/icon/red/restaurant.svg;1506;51.049625397,3.72144389134
"{""coordinates"": [3.728537082250816, 51.05596542377878], ""type"": ""Point""}";512;http://stad.gent/id/place/tourism/71ac8dbf-6f34-444a-9344-c5a6d5eab04e;Charlatan;Charlatan;Charlatan;Charlatan;Charlatan;Het huis van verderf;House of Perdition;La maison de perdition;Das Haus des Verderbens;Garito de perdición;https://visit.gent.be/nl/eten-drinken/charlatan;;Café;Cafés;Bar;Café;Bar;Charlatan;Vlasmarkt 6;9000;Gent;2013-03-22T08:38:50Z;https://visit.gent.be/themes/custom/vg_theme/icon/red/cafe.svg;eat_drink;cafe;visit.gent.be/themes/custom/vg_theme/icon/red/cafe.svg;1675;51.0559654238,3.72853708225
"{""coordinates"": [3.731132984351528, 51.05440902730534], ""type"": ""Point""}";517;http://stad.gent/id/place/tourism/cb28fef7-b4f7-429a-82bf-d32194a0daae;Club 69;Club 69;Club 69;Club 69;Club 69;Waar muziek en mensen samenkomen;Where music and people come together;Où la musique et les gens se rencontrent;Wo Musik und Menschen sich treffen;Punto de encuentro entre la gente y la música;https://visit.gent.be/nl/eten-drinken/club-69;;Café;Cafés;Bar;Café;Bar;Club 69;Oude Beestenmarkt 5;9000;Gent;2013-03-22T08:44:50Z;https://visit.gent.be/themes/custom/vg_theme/icon/red/cafe.svg;eat_drink;cafe;visit.gent.be/themes/custom/vg_theme/icon/red/cafe.svg;1676;51.0544090273,3.73113298435
"{""coordinates"": [3.722972154711324, 51.05426406855813], ""type"": ""Point""}";520;http://stad.gent/id/place/tourism/02cced0b-2fe8-4672-9548-37d3feb68d2b;Comic Sans;Comic Sans;Comic Sans;Comic Sans;Comic Sans;Hier voelt elke geek zich thuis;Here, any geek will feel at home;Le paradis des geeks;Hier fühlt jeder Geek sich zu Hause;Un lugar donde cualquier friki se siente como en casa;https://visit.gent.be/nl/eten-drinken/comic-sans;;Café;Cafés;Bar;Café;Bar;Comic Sans;Klein turkije 8;9000;Gent;2020-05-05T08:27:42Z;https://visit.gent.be/themes/custom/vg_theme/icon/red/cafe.svg;eat_drink;cafe;visit.gent.be/themes/custom/vg_theme/icon/red/cafe.svg;3987;51.0542640686,3.72297215471
"{""coordinates"": [3.720943927683029, 51.05910110482413], ""type"": ""Point""}";577;http://stad.gent/id/place/tourism/79d25958-9615-4a1f-8586-85a656864759;EVÍN Wine store & bar;EVÍN Wine store & bar;EVÍN Wine store & bar;EVÍN Wine store & bar;EVÍN Wine store & bar;Knusse wijnwinkel en wijnbar;Cosy wine shop and wine bar;Charmante boutique de vin et bar à vin;Gemütliche Weinhandlung und Weinstube;Acogedor bar y tienda de vinos;https://visit.gent.be/nl/eten-drinken/evin-wine-store-bar;;Café;Cafés;Bar;Café;Bar;Evín Wine Store;Sint-Margrietstraat 16;9000;Gent;2015-01-08T09:13:51Z;https://visit.gent.be/themes/custom/vg_theme/icon/red/cafe.svg;eat_drink;cafe;visit.gent.be/themes/custom/vg_theme/icon/red/cafe.svg;1730;51.0591011048,3.72094392768
"{""coordinates"": [3.733052014868814, 51.04936218266385], ""type"": ""Point""}";680;http://stad.gent/id/place/tourism/ad5ea86e-330e-4ebb-8dcc-5549a59fb212;Het Trappistenhuis;Het Trappistenhuis;Het Trappistenhuis;Het Trappistenhuis;Het Trappistenhuis;Proef hier meer dan 170 soorten speciale bieren;Taste over 170 specialty beers;Venez goûter plus de 170 types de bières spéciales;Hier könen Sie über 170 Spezialbiere kosten;Disfrute de más de 170 tipos de cerveza especiales;https://visit.gent.be/nl/eten-drinken/het-trappistenhuis;;Café;Cafés;Bar;Café;Bar;Het Trappistenhuis;Brabantdam 164;9000;Gent;2013-01-22T14:16:17Z;https://visit.gent.be/themes/custom/vg_theme/icon/red/cafe.svg;eat_drink;cafe;visit.gent.be/themes/custom/vg_theme/icon/red/cafe.svg;1577;51.0493621827,3.73305201487
"{""coordinates"": [3.716510057239678, 51.05436325046206], ""type"": ""Point""}";711;http://stad.gent/id/place/tourism/7f87c649-4b12-485b-984e-dda1e33ce4fc;Hotsy Totsy;Hotsy Totsy;Hotsy Totsy;Hotsy Totsy;Hotsy Totsy;Poëzie, jazz en comedy krijgen hier hun plaats;The place to be for poetry, jazz and comedy;Ici, poésie, jazz et comédie règnent en maître;Poesie, Jazz und Comedy sind hier zu Hause;El hogar de la poesía, el jazz y la comedia;https://visit.gent.be/nl/eten-drinken/hotsy-totsy;;Café;Cafés;Bar;Café;Bar;Hotsy Totsy;Hoogstraat 1;9000;Gent;2013-03-25T13:05:54Z;https://visit.gent.be/themes/custom/vg_theme/icon/red/cafe.svg;eat_drink;cafe;visit.gent.be/themes/custom/vg_theme/icon/red/cafe.svg;1690;51.0543632505,3.71651005724
"{""coordinates"": [3.729462146669173, 51.040622710970936], ""type"": ""Point""}";747;http://stad.gent/id/place/tourism/00643092-4e0d-4c44-8980-ca0755a33067;Kaffee De Planck;Kaffee De Planck;Kaffee De Planck;Kaffee De Planck;Kaffee De Planck;Genieten op een schip;Amuse yourself on a barge;Sur les flots;Auf einem Binnenschiff genießen;Disfrutar en un barco;https://visit.gent.be/nl/eten-drinken/kaffee-de-planck;;Café;Cafés;Bar;Café;Bar;De Planck;Ter Platen;9000;Gent;2013-01-25T15:31:10Z;https://visit.gent.be/themes/custom/vg_theme/icon/red/cafe.svg;eat_drink;cafe;visit.gent.be/themes/custom/vg_theme/icon/red/cafe.svg;1592;51.040622711,3.72946214667
